{"cameraMode":{"drawMode":0,"name":"Shaded","section":"Shading Mode"},"sceneLighting":false,"audioPlay":false,"sceneViewState":{"m_AlwaysRefresh":false,"showFog":true,"showSkybox":false,"showFlares":true,"showImageEffects":true,"showParticleSystems":true,"showVisualEffectGraphs":true,"m_FxEnabled":true},"in2DMode":false,"pivot":{"x":-0.39000189304351809,"y":-1.4901161193847657e-8,"z":1.309999942779541},"rotation":{"x":-0.03684021160006523,"y":0.9238327741622925,"z":-0.09204800426959992,"w":-0.3697393238544464},"size":0.8102366328239441,"orthographic":false}